Neil,Armstrong,35,1234,neil.armstrong1234@hmm.com,UzD3]8x=,A-101
Buzz,Aldrin,44,1234,buzz.aldrin1234@hmm.com,G_5#Pza3,A-102
Peggy,Whitson,37,4677,peggy.whitson4677@hmm.com,?Pys|G51,A-103
Emily,Rodriguez,33,5640,emily.rodriguez5640@hmm.com,5qOWa0:|,A-100
Mario,Rodriguez,35,1836,mario.rodriguez1836@hmm.com,38n:uA<R,A-100
Emily,Rodriguez,39,6946,emily.rodriguez6946@hmm.com,"g3,|j9OE",A-100
Audrey,Rodriguez,9,9477,audrey.rodriguez9477@hmm.com,2Clp0X(&,A-100
Benjamin,Rodriguez,7,9502,benjamin.rodriguez9502@hmm.com,iI!`8Qm4,A-100
Tilly,Rodriguez,4,9418,tilly.rodriguez9418@hmm.com,"[q5PW4""l",A-100
Gus,Rodriguez,4,3665,gus.rodriguez3665@hmm.com,ht<.M4O3,A-104
John,Glenn,54,2507,john.glenn2507@hmm.com,=H7Mb3o{,A-105
